<?xml version="1.0" encoding="UTF-8" standalone="yes"?>
<addon id="plugin.program.utopiawiz" name="[B][COLOR dodgerblue]Utopia[/COLOR][/B] Wizard" version="0.4.5" provider-name="TV4FREE.xyz">
  <requires>
    <import addon="xbmc.python" version="2.1.0"/>
  </requires>
  <extension point="xbmc.python.pluginsource" library="default.py">
    <provides>executable</provides>
  </extension>
  <extension point="xbmc.service" library="startup.py" start="startup" />
  <extension point="xbmc.addon.metadata">
    <summary lang="en">[B][COLOR dodgerblue]Utopia[/COLOR][/B] Wizard</summary>
    <description lang="en">[B][COLOR dodgerblue]Utopia[/COLOR][/B] Wizard offers many maintenance features, selective add-on data saving, and automated build installs.</description>
    <platform>all</platform>
  </extension>
</addon>